Year,First Night,Second Night,Time difference (hours),,,,,,,,,,,
2016,May 11th,May 12th,-,,,,Year,First Night,Second Night,Time difference (hours),Year,First Night,Second Night,Time difference (hours)
,jcf0057500592,jcf0000100008,20.35,,,,2016,May 11th,May 12th,-,2022,Jan 14th,Jan 15th,-
,jcf0057500592,jcf0009900116,20.73,,,,,jcf0057500592,jcf0000100008,20.35,,jc713732,jc090091,20.02
,jcf0057500592,jcf0003100048,20.51,,,,,jcf0057500592,jcf0009900116,20.73,,Apr 8th,Apr 9th,-
,jcf0072300740,jcf0000100008,19.21,,,,,jcf0057500592,jcf0003100048,20.51,,jc049050,jc10291032,29.63
,jcf0072300740,jcf0009900116,19.58,,,,,jcf0072300740,jcf0000100008,19.21,,jc371372,jc043076,20.65
,jcf0072300740,jcf0017700194,20.66,,,,,jcf0072300740,jcf0009900116,19.58,,jc601602,jc043076,19.44
,jcf0072300740,jcf0003100048,19.36,,,,,jcf0072300740,jcf0017700194,20.66,,jc601602,jc233256,20.52
,jcf0053300544,jcf0000100008,20.48,,,,,jcf0072300740,jcf0003100048,19.36,,jc491506,jc043076,19.74
,jcf0053300544,jcf0003100048,20.64,,,,,jcf0053300544,jcf0000100008,20.48,,jc491506,jc233256,20.81
,November 1st,November 2nd,-,,,,,jcf0053300544,jcf0003100048,20.64,,May 21st,May 22nd,-
,jcf0022700356,jcf0000100014,20.06,,,,,November 1st,November 2nd,-,,jc371397,jc301326,20.43
,jcf0022700356,jcf0003700060,20.27,,,,,jcf0022700356,jcf0000100014,20.06,,July 8th,July 9th,-
2017,May 19th,May 20th,-,,,,,jcf0022700356,jcf0003700060,20.27,,jc634661,jc031066,18.92
,jcf161195,jcf031065,19.73,,,,2017,May 19th,May 20th,-,,jc031064,jc10191086,29.64
,jcf161195,jcf149181,20.15,,,,,jcf161195,jcf031065,19.73,,jc031064,jc895930,29.13
,jcf031065,jcf031065,20.32,,,,,jcf161195,jcf149181,20.15,,Aug 17th,Aug 18th,-
,jcf031065,jcf149181,20.74,,,,,jcf031065,jcf031065,20.32,,jc549580,jc265296,20.53
,jcf343377,jcf149181,19.25,,,,,jcf031065,jcf149181,20.74,,jc549580,jc037056,19.19
,July 10th,July 11th,-,,,,,jcf343377,jcf149181,19.25,2023,May 16th,May 17th,-
,jcf0011900121,jcf0031300328,19.06,,,,,July 10th,July 11th,-,,jc786797,jc011012,20.07
,jcf0011900121,jcf0061300628,19.93,,,,,jcf0011900121,jcf0031300328,19.06,,jc786797,jc089118,20.22
,jcf0011900121,jcf0078100784,20.46,,,,,jcf0011900121,jcf0061300628,19.93,,jc786797,jc347414,20.76
,jcf0011900121,jcf0056700568,19.82,,,,,jcf0011900121,jcf0078100784,20.46,,jc031054,jc19792030,29.88
,jcf0011900121,jcf08230828,20.57,,,,,jcf0011900121,jcf0056700568,19.82,,jc031054,jc17371764,29.48
,jcf0011900121,jcf0082300841,20.57,,,,,jcf0011900121,jcf08230828,20.57,,jc031054,jc19191920,29.75
2018,July 20th,July 21st,-,,,,,jcf0011900121,jcf0082300841,20.57,,jc031054,jc16591674,29.1
,jcf0129101339,jcf0017500209,19.73,,,,2018,July 20th,July 21st,-,,jc031054,jc18111876,29.63
,jcf0129101339,jcf0000100018,19.17,,,,,jcf0129101339,jcf0017500209,19.73,,jc786793,jc011012,20.08
,jcf0129101339,jcf0004900083,19.32,,,,,jcf0129101339,jcf0000100018,19.17,,jc786793,jc089118,20.22
,jcf0137501379,jcf0017500209,19.6,,,,,jcf0129101339,jcf0004900083,19.32,,jc786793,jc347414,20.76
,jcf0137501379,jcf0000100018,19.04,,,,,jcf0137501379,jcf0017500209,19.6,,June 23rd,June 24th,-
,jcf0137501379,jcf0004900083,19.2,,,,,jcf0137501379,jcf0000100018,19.04,,jc089090,jc773774,29.03
2019,Jan. 16th,Jan. 17th,-,,,,,jcf0137501379,jcf0004900083,19.2,,jc121154,jc773774,28.89
,jc12271254,jc383426,20.52,,,,2019,Jan. 16th,Jan. 17th,-,,Oct. 14th,Oct. 15th,-
,jc12271254,jc469502,20.71,,,,,jc12271254,jc383426,20.52,,jc631664,jc119154,19.8
,jc12271254,jc181206,19.66,,,,,jc12271254,jc469502,20.71,,Nov. 22nd,Nov. 23rd,-
,jc12271254,jc249282,19.83,,,,,jc12271254,jc181206,19.66,,jc759785,jc165200,19.2
,jc925038,jc015034,20.11,,,,,jc12271254,jc249282,19.83,,jc575609,jc165200,20
,jc925038,jc069094,20.27,,,,,jc925038,jc015034,20.11,,Dec. 28th,Dec. 29th,-
,jc008026,jc953894,28.81,,,,,jc925038,jc069094,20.27,,jc507541,jc173208,19.44
,jc756782,jc015034,20.7,,,,,jc008026,jc953894,28.81,2024,Aug. 16th,Aug 17th,-
,jc825860,jc015034,20.52,,,,,jc756782,jc015034,20.7,,jc183201,jc042065,18.91
,jc825860,jc069094,20.68,,,,,jc825860,jc015034,20.52,,jc183201,jc329353,20.2
,jc8911014,jc015034,19.9,,,,,jc825860,jc069094,20.68,,jc183201,jc148182,19.37
,jc8911014,jc069094,20.06,,,,,jc8911014,jc015034,19.9,,jc523554,jc042065,20.52
,jc11471172,jc383426,20.73,,,,,jc8911014,jc069094,20.06,,jc815843,jc042065,18.91
,jc11471172,jc015034,18.87,,,,,jc11471172,jc383426,20.73,,jc815843,jc329353,20.2
,jc11471172,jc181206,19.86,,,,,jc11471172,jc015034,18.87,,jc815843,jc148182,19.37
,jc11471172,jc249282,20.03,,,,,jc11471172,jc181206,19.86,,jc649676,jc042065,20.09
,jc11471172,jc069094,19.04,,,,,jc11471172,jc249282,20.03,,jc649676,jc148182,20.54
2020,Jul 4th,Jul 5th,-,,,,,jc11471172,jc069094,19.04,,Oct 22nd,Oct 23rd,-
,jc039069,jc613648,29.3,,,,2020,Jul 4th,Jul 5th,-,,jc505516,jc057087,20.52
,jc683718,jc001010,20.54,,,,,jc039069,jc613648,29.3,,jc055090,jc833859,28.83
,jc683718,jc041076,20.68,,,,,jc683718,jc001010,20.54,,jc451486,jc057087,20.66
,Nov 7th,Nov 8th,-,,,,,jc683718,jc041076,20.68,,Nov. 23rd,Nov. 24th,-
,jc585602,jc183206,20.35,,,,,Nov 7th,Nov 8th,-,,jc046054,jc763767,29.56
,jc689700,jc183206,19.84,,,,,jc585602,jc183206,20.35,,jc046054,jc790794,29.6
,Nov. 10th,Nov. 11th,-,,,,,jc689700,jc183206,19.84,,jc039045,jc763767,29.57
,jc633668,jc041076,19.89,,,,,Nov. 10th,Nov. 11th,-,,jc039045,jc790794,29.61
,Dec. 23rd,Dec. 24th,-,,,,,jc633668,jc041076,19.89,,jc056062,jc763767,29.54
,jc647666,jc061096,20.27,,,,,Dec. 23rd,Dec. 24th,-,,jc056062,jc790794,29.58
,jc647666,jc155168,20.76,,,,,jc647666,jc061096,20.27,,jc031037,jc763767,29.58
,jc647666,jc001020,20.11,,,,,jc647666,jc155168,20.76,,jc031037,jc790794,29.62
,jc721738,jc061096,19.92,,,,,jc647666,jc001020,20.11,,,,
,jc721738,jc155168,20.41,,,,,jc721738,jc061096,19.92,,,,
,jc721738,jc001020,19.76,,,,,jc721738,jc155168,20.41,,,,
2021,Jun 7th,Jun 8th,-,,,,,jc721738,jc001020,19.76,,,,
,jc585618,jc065092,19.21,,,,2021,Jun 7th,Jun 8th,-,,,,
,jc031062,jc722751,29.5,,,,,jc585618,jc065092,19.21,,,,
,July 21st,July 22nd,-,,,,,jc031062,jc722751,29.5,,,,
,jc551572,jc031066,20.53,,,,,July 21st,July 22nd,-,,,,
,jc909922,jc193228,20.06,,,,,jc551572,jc031066,20.53,,,,
,jc909922,jc031066,19.19,,,,,jc909922,jc193228,20.06,,,,
,jc10251060,jc549584,20.81,,,,,jc909922,jc031066,19.19,,,,
,jc10251060,jc193228,19.32,,,,,jc10251060,jc549584,20.81,,,,
,jc10251060,jc433468,20.41,,,,,jc10251060,jc193228,19.32,,,,
,jc727756,jc193228,20.72,,,,,jc10251060,jc433468,20.41,,,,
,jc727756,jc031066,19.85,,,,,jc727756,jc193228,20.72,,,,
,jc031064,jc10491082,29.3,,,,,jc727756,jc031066,19.85,,,,
,jc607618,jc031066,20.39,,,,,jc031064,jc10491082,29.3,,,,
,Sept 4th,Sept 5th,-,,,,,jc607618,jc031066,20.39,,,,
,jc635662,jc231260,20.19,,,,,Sept 4th,Sept 5th,-,,,,
,jc483512,jc033055,20.09,,,,,jc635662,jc231260,20.19,,,,
,Oct 17th,Oct 18th,-,,,,,jc483512,jc033055,20.09,,,,
,jc867902,jc081116,19.98,,,,,Oct 17th,Oct 18th,-,,,,
,jc045070,jc579614,29.22,,,,,jc867902,jc081116,19.98,,,,
2022,Jan 14th,Jan 15th,-,,,,,jc045070,jc579614,29.22,,,,
,jc713732,jc090091,20.02,,,,,,,,,,,
,Apr 8th,Apr 9th,-,,,,,,,,,,,
,jc049050,jc10291032,29.63,,,,,,,,,,,
,jc371372,jc043076,20.65,,,,,,,,,,,
,jc601602,jc043076,19.44,,,,,,,,,,,
,jc601602,jc233256,20.52,,,,,,,,,,,
,jc491506,jc043076,19.74,,,,,,,,,,,
,jc491506,jc233256,20.81,,,,,,,,,,,
,May 21st,May 22nd,-,,,,,,,,,,,
,jc371397,jc301326,20.43,,,,,,,,,,,
,July 8th,July 9th,-,,,,,,,,,,,
,jc634661,jc031066,18.92,,,,,,,,,,,
,jc031064,jc10191086,29.64,,,,,,,,,,,
,jc031064,jc895930,29.13,,,,,,,,,,,
,Aug 17th,Aug 18th,-,,,,,,,,,,,
,jc549580,jc265296,20.53,,,,,,,,,,,
,jc549580,jc037056,19.19,,,,,,,,,,,
2023,May 16th,May 17th,-,,,,,,,,,,,
,jc786797,jc011012,20.07,,,,,,,,,,,
,jc786797,jc089118,20.22,,,,,,,,,,,
,jc786797,jc347414,20.76,,,,,,,,,,,
,jc031054,jc19792030,29.88,,,,,,,,,,,
,jc031054,jc17371764,29.48,,,,,,,,,,,
,jc031054,jc19191920,29.75,,,,,,,,,,,
,jc031054,jc16591674,29.1,,,,,,,,,,,
,jc031054,jc18111876,29.63,,,,,,,,,,,
,jc786793,jc011012,20.08,,,,,,,,,,,
,jc786793,jc089118,20.22,,,,,,,,,,,
,jc786793,jc347414,20.76,,,,,,,,,,,
,June 23rd,June 24th,-,,,,,,,,,,,
,jc089090,jc773774,29.03,,,,,,,,,,,
,jc121154,jc773774,28.89,,,,,,,,,,,
,Oct. 14th,Oct. 15th,-,,,,,,,,,,,
,jc631664,jc119154,19.8,,,,,,,,,,,
,Nov. 22nd,Nov. 23rd,-,,,,,,,,,,,
,jc759785,jc165200,19.2,,,,,,,,,,,
,jc575609,jc165200,20,,,,,,,,,,,
,Dec. 28th,Dec. 29th,-,,,,,,,,,,,
,jc507541,jc173208,19.44,,,,,,,,,,,
2024,Aug. 16th,Aug 17th,-,,,,,,,,,,,
,jc183201,jc042065,18.91,,,,,,,,,,,
,jc183201,jc329353,20.2,,,,,,,,,,,
,jc183201,jc148182,19.37,,,,,,,,,,,
,jc523554,jc042065,20.52,,,,,,,,,,,
,jc815843,jc042065,18.91,,,,,,,,,,,
,jc815843,jc329353,20.2,,,,,,,,,,,
,jc815843,jc148182,19.37,,,,,,,,,,,
,jc649676,jc042065,20.09,,,,,,,,,,,
,jc649676,jc148182,20.54,,,,,,,,,,,
,Oct 22nd,Oct 23rd,-,,,,,,,,,,,
,jc505516,jc057087,20.52,,,,,,,,,,,
,jc055090,jc833859,28.83,,,,,,,,,,,
,jc451486,jc057087,20.66,,,,,,,,,,,
,Nov. 23rd,Nov. 24th,-,,,,,,,,,,,
,jc046054,jc763767,29.56,,,,,,,,,,,
,jc046054,jc790794,29.6,,,,,,,,,,,
,jc039045,jc763767,29.57,,,,,,,,,,,
,jc039045,jc790794,29.61,,,,,,,,,,,
,jc056062,jc763767,29.54,,,,,,,,,,,
,jc056062,jc790794,29.58,,,,,,,,,,,
,jc031037,jc763767,29.58,,,,,,,,,,,
,jc031037,jc790794,29.62,,,,,,,,,,,